id,country_id,name,state_province
1,1,North Judithbury,Iowa
2,2,Lake Curtis,
3,3,New Roberttown,
4,4,East Jessetown,
5,5,Lake Debra,Ohio
6,6,Robinsonshire,Louisiana
7,7,Port Lindachester,Michigan
8,8,Ericmouth,
9,9,North Noahstad,Minnesota
10,10,Lindsaymouth,
11,11,South Christianport,
12,12,Barbaraland,Arizona
13,13,Port Keith,
14,14,Port Jesseville,
15,15,Ramirezstad,Hawaii
16,16,Michaelview,Vermont
17,17,New Cynthiaside,
18,18,East Steven,Louisiana
19,19,Lake Mark,Wyoming
20,20,East Lydiamouth,
21,21,Adamsborough,Oregon
22,22,Jasonfort,Montana
23,23,Thomasberg,Kansas
24,24,Juliechester,
25,25,Coxberg,North Carolina
26,26,Daviston,Delaware
27,27,Lake Ernest,
28,28,Carlsonfurt,
29,29,Carlsonmouth,North Dakota
30,30,Tashatown,Utah
31,31,Lake Nicoleview,Wyoming
32,32,Danielchester,Hawaii
33,33,Smithview,North Carolina
34,34,New Rita,South Dakota
35,35,Meaganhaven,Rhode Island
36,36,East Nathaniel,Hawaii
37,37,New Mariotown,Delaware
38,38,Natashaport,Kansas
39,39,East Natalieland,Colorado
40,40,Cabreraside,Wyoming
41,41,East Donna,Oklahoma
42,42,West Allison,
43,43,Brandtside,
44,44,Lake Larry,
45,45,Samuelhaven,
46,46,Martinezbury,
47,47,West Andrewside,
48,48,New Jeffrey,
49,49,Lake Crystalbury,California
50,50,Port Markhaven,Kansas
51,51,Elizabethborough,Ohio
52,52,Lake Selena,
53,53,Sanchezfort,
54,54,Leeville,Texas
55,55,Gomezchester,New Jersey
56,56,Lake Deniseville,Arkansas
57,57,Chandlerville,
58,58,East James,New Hampshire
59,59,South Isaiah,
60,60,Wrightland,New Hampshire
61,61,North Deniseside,Alabama
62,62,Port Melindaburgh,Nebraska
63,63,Olsonfurt,Arkansas
64,64,South Aaron,Missouri
65,65,Saramouth,Maine
66,66,Hortonside,Texas
67,67,Mooreport,
68,68,North Beth,
69,69,Lake Leeton,Pennsylvania
70,70,Shawhaven,
71,71,North Susan,
72,72,Port Jacobland,Utah
73,73,South David,Oregon
74,74,New Brooke,South Carolina
75,75,South Dianeshire,North Dakota
76,76,Sarahborough,Texas
77,77,Johnfurt,Florida
78,78,Stephenland,Alabama
79,79,Howellshire,
80,80,North Amandahaven,
81,81,Davidstad,California
82,82,West Justin,
83,83,Bassport,South Carolina
84,84,Lake Lisaport,Texas
85,85,East Josephville,West Virginia
86,86,West Juan,
87,87,Lake Matthew,Utah
88,88,Williamview,Arkansas
89,89,Lake Rodneyview,
90,90,North Matthewberg,
91,91,Evanmouth,
92,92,Hoffmanville,California
93,93,New Barry,Mississippi
94,94,South David,Maryland
95,95,Rachelton,
96,96,Jasonbury,Texas
97,97,West Kimberlychester,South Carolina
98,98,East Michelle,Idaho
99,99,Johnsonmouth,Nebraska
100,100,West Erik,Vermont
101,1,South Monicafort,Iowa
102,3,Port Samantha,Minnesota
103,57,Loribury,Iowa
104,83,Lake Jamesmouth,Louisiana
105,3,Port Joshuahaven,
106,11,Frazierside,Michigan
107,77,North Natalieview,Idaho
108,23,Benjaminchester,Minnesota
109,83,Samuelhaven,
110,3,South Rachelborough,Kentucky
111,24,Lake Ryanhaven,Ohio
112,49,West Ryan,Texas
113,11,Cindyville,Washington
114,11,Williamchester,Massachusetts
115,83,Terryside,Florida
116,1,South Elizabeth,Missouri
117,47,New Ashley,
118,27,Kelleytown,Maryland
119,96,Jasonshire,Rhode Island
120,23,Stevenmouth,
121,99,New Thomas,West Virginia
122,3,Lake Christopher,
123,47,Clarencebury,Utah
124,83,Jeffreyborough,Georgia
125,6,North Johnfort,
126,47,South Robertshire,Illinois
127,11,Snyderbury,
128,98,Lake Grace,Wisconsin
129,19,Port Ronaldburgh,Vermont
130,83,Williamsbury,Delaware
131,16,Andersonmouth,Texas
132,31,Stephaniemouth,South Carolina
133,60,Rivasside,New Hampshire
134,52,Lake Michelle,New Hampshire
135,23,Karenview,
136,25,Simsview,
137,58,Jonesport,
138,21,West Matthew,
139,74,East Edwardfurt,Vermont
140,23,Lake Jason,
141,1,Russellside,New Jersey
142,2,Brownchester,Missouri
143,24,Port Nicoleshire,Missouri
144,19,Smithstad,Maryland
145,78,Castanedachester,Ohio
146,58,South Jeffrey,Nevada
147,23,Johnsonmouth,Texas
148,90,Ramseymouth,Florida
149,3,South Brittanytown,
150,39,Lake Roymouth,Idaho
151,34,West Nicholasborough,New Jersey
152,79,Matthewfurt,
153,60,Karenchester,Kentucky
154,3,South Andrewside,
155,79,West Jeffreyland,Wyoming
156,98,Port Anthonybury,
157,14,Port Andrew,
158,43,East David,
159,11,New Staciemouth,
160,23,Katieburgh,Rhode Island
161,2,Port Loriport,Connecticut
162,98,West Barbarafurt,Montana
163,3,North Brittany,
164,58,North Heidi,Maryland
165,3,Port Tonyaton,Minnesota
166,98,Stanleyland,
167,33,Alexanderchester,New York
168,19,South Susanmouth,Virginia
169,2,South Gregory,
170,1,Christinaside,Wyoming
171,23,Marshallshire,Louisiana
172,84,Melissaland,Louisiana
173,37,Sanchezmouth,Oregon
174,80,Rogersfort,Massachusetts
175,58,South Jason,Kentucky
176,47,Joshuaview,
177,24,New Stacyland,
178,2,Lake Richard,Oklahoma
179,58,Lake Thomas,
180,25,Westtown,
181,59,West Jeffreybury,Maryland
182,98,Thomashaven,Minnesota
183,2,Barajasside,Michigan
184,3,Jacquelineview,Maryland
185,2,Jerryborough,Massachusetts
186,65,Lake Amandaburgh,Illinois
187,32,Lake Todd,
188,58,Tinaborough,
189,59,Jeremyburgh,
190,3,Alexisside,Florida
191,59,Brandonton,Oklahoma
192,25,Heidiberg,South Dakota
193,17,Garciatown,Oregon
194,25,Taylormouth,
195,30,Jackton,
196,60,Shelleyfort,
197,25,Port Cameronfort,California
198,2,East Edwardshire,
199,60,Christopherbury,Delaware
200,3,Obrienbury,
201,19,Hayesmouth,Maryland
202,7,Torreston,South Carolina
203,100,Port Jaredborough,
204,23,Donnaburgh,Kansas
205,11,New Charles,Alabama
206,58,Hayesfort,Maine
207,59,East Keithport,Vermont
208,90,Jonesbury,Kentucky
209,1,South Danny,Iowa
210,58,West Margaret,
211,62,North Gabrielport,
212,99,Scottmouth,
213,3,Hollyview,North Carolina
214,83,Kimton,Nevada
215,24,Cassandratown,
216,18,East Suzanneshire,Pennsylvania
217,17,Port Emilyview,Oregon
218,98,Port Katelynfort,
219,47,Moonburgh,
220,98,Waltersfort,
221,60,South Michaelmouth,Massachusetts
222,24,Port Eugenechester,
223,25,Robertsfurt,Wisconsin
224,60,South Christopherview,Massachusetts
225,11,Port Richardhaven,Alabama
226,58,Gutierrezborough,North Dakota
227,58,Cindyfort,
228,2,Wolfborough,Louisiana
229,69,West Samuel,Vermont
230,58,Martinezbury,
231,27,West Andrea,Oklahoma
232,11,Davisville,New Jersey
233,2,Lake Marilynfort,Virginia
234,87,Williamview,Nebraska
235,2,Bairdbury,New Jersey
236,18,South James,Rhode Island
237,63,Port Chad,
238,83,Morganhaven,Louisiana
239,98,West Jessicashire,Pennsylvania
240,60,Grimesmouth,Ohio
241,23,Reedside,Wisconsin
242,88,Gibsonmouth,Illinois
243,100,New Patrick,Wyoming
244,11,Williamsfort,Virginia
245,25,Hughesberg,New York
246,34,East Wayneshire,Michigan
247,98,Port Meganville,North Dakota
248,23,Smithberg,
249,85,Pittsberg,California
250,27,Harringtonview,Michigan
251,98,Santosmouth,Utah
252,16,Finleyfort,Ohio
253,46,New Caseyport,Iowa
254,94,South Tiffanyville,New Hampshire
255,23,Lake Kevin,
256,61,North Markton,
257,25,Michaelchester,
258,2,East Amanda,Oregon
259,24,East Gregory,South Carolina
260,50,Harveybury,New York
261,98,East Steven,Kentucky
262,1,Scotttown,
263,23,Santanaside,
264,23,North Scott,
265,59,Vanessaport,South Dakota
266,79,Vaughnmouth,Maryland
267,40,South Melissa,Connecticut
268,50,South Ashley,
269,58,Victoriaport,
270,2,Port Dominiqueview,Alabama
271,1,New Julieport,Wyoming
272,90,New Laurie,Iowa
273,77,New John,Wisconsin
274,81,Lake Colton,South Dakota
275,27,West Kristinaton,Pennsylvania
276,63,Jessicaland,Maine
277,60,Julieburgh,Illinois
278,98,Port Amber,
279,24,Alyssaview,Hawaii
280,63,Robinfort,Maine
281,32,Lindamouth,California
282,58,Port Tammy,
283,36,Coffeyside,Mississippi
284,27,Port Ralphview,Ohio
285,11,South Miguelview,Pennsylvania
286,24,Carsonstad,Connecticut
287,97,South Angel,
288,24,Rosebury,
289,85,Lake Madisonport,Tennessee
290,60,Wilsonton,Arizona
291,42,Wendyville,Connecticut
292,19,New Derek,New Jersey
293,87,Ellenside,Nebraska
294,87,South Diana,New York
295,61,Crosbyview,
296,51,Lake Mitchellmouth,New Hampshire
297,60,Port Michael,Utah
298,93,Amystad,Arkansas
299,23,Hillville,New Jersey
300,22,Lake Jasontown,Arkansas
301,11,Johnberg,
302,23,North Maria,Oklahoma
303,59,New Jason,Iowa
304,2,Kimtown,Louisiana
305,60,East Amber,Idaho
306,76,Lake Michelleberg,Alabama
307,47,Kristybury,Pennsylvania
308,11,Alfredview,Arkansas
309,1,Lake Robert,Delaware
310,98,South Shanestad,North Carolina
311,3,South Williamton,Washington
312,21,Stephentown,
313,71,South Melaniechester,Utah
314,2,South Jennifermouth,California
315,98,West Charleneland,
316,8,West Claudia,Pennsylvania
317,63,Oscarhaven,Maine
318,58,Wagnerchester,Connecticut
319,83,Port Dianaside,Washington
320,59,South Shannon,Iowa
321,49,Morganmouth,Montana
322,58,Blairmouth,Nevada
323,11,Elizabethstad,Georgia
324,47,Jonesland,Colorado
325,83,Davisstad,
326,60,New Brian,
327,83,Elizabethchester,Minnesota
328,60,Parrishton,
329,41,Carolinestad,
330,24,New Williamberg,
331,25,Walkerville,Minnesota
332,58,Dannyview,
333,11,Port Roy,
334,70,New Sarahview,
335,19,East Joshuaport,
336,33,Michaelburgh,Georgia
337,47,Jonestown,Colorado
338,17,South Robert,Michigan
339,28,West Larry,Massachusetts
340,59,North Ericton,Utah
341,1,West Scottchester,New York
342,83,Perryborough,Wisconsin
343,47,West Russellport,
344,27,Roseport,
345,28,East Randallton,Alabama
346,97,West Sierra,Wyoming
347,83,Port Jonathan,Massachusetts
348,88,North Tylerchester,Idaho
349,21,South Amanda,Iowa
350,24,Charleston,Nevada
351,1,South Samanthamouth,Oregon
352,64,Berrychester,Maine
353,32,South Andrewmouth,Hawaii
354,98,Collierstad,Colorado
355,6,Richardbury,Nevada
356,56,Warrenfurt,
357,29,Juliebury,Michigan
358,62,North William,
359,60,New Williamstad,Minnesota
360,98,East Curtis,Kentucky
361,2,East Carrie,
362,25,East Stephaniefort,
363,25,Webstershire,New Hampshire
364,100,Michellemouth,Georgia
365,83,Jonesmouth,South Dakota
366,36,Laurashire,
367,3,West Williamport,New Jersey
368,83,Johnsonstad,Maine
369,27,Lake Michelleland,
370,2,Fordside,West Virginia
371,60,South Reginashire,
372,1,West Cassidy,North Carolina
373,16,North Shannon,Michigan
374,60,New Debbieton,
375,6,Lake Samuel,New Hampshire
376,3,West Nathan,Maine
377,20,Ortizmouth,Utah
378,23,Port Crystalmouth,California
379,11,Codyfurt,Maine
380,83,Jenniferberg,Michigan
381,83,New Elizabethstad,Maryland
382,25,Andersonland,
383,1,Angelicamouth,Florida
384,58,Lake Ellenhaven,Mississippi
385,27,West Kyleborough,Michigan
386,76,Leeberg,
387,59,North Kenneth,Connecticut
388,60,Lake Matthewberg,
389,71,Mooreburgh,Vermont
390,98,Lake Samuel,Nebraska
391,90,Ericabury,
392,58,Bishopmouth,Iowa
393,26,West Tammy,New Mexico
394,62,West Erika,Oregon
395,49,Murrayport,Wyoming
396,1,Shawchester,Hawaii
397,94,Port Cassandra,Kentucky
398,39,Lake Timothystad,Oklahoma
399,60,Lake Meghanville,Maine
400,46,Port Ethanmouth,North Carolina
401,40,Port Samuel,
402,53,Port Shannon,Minnesota
403,24,South Brianhaven,Mississippi
404,57,South Virginia,Mississippi
405,47,North Lucas,Connecticut
406,80,Laceyberg,Arizona
407,25,Samanthafort,Vermont
408,96,Port Janice,New Hampshire
409,24,North Andrewborough,Georgia
410,23,Rodriguezport,Kansas
411,58,Davidbury,Nebraska
412,27,Brownfort,Rhode Island
413,47,Lake Zacharybury,Virginia
414,11,West Ruben,South Carolina
415,27,Johnchester,Idaho
416,25,New Theresaland,
417,59,South Morganton,South Dakota
418,24,Zavalaview,West Virginia
419,52,West Kristinastad,Kansas
420,3,Port Bonniemouth,
421,33,North Michael,Michigan
422,83,Port Kimberly,
423,47,Pollardfort,South Dakota
424,47,Port Dennis,Virginia
425,1,Johnsonborough,
426,21,Port Jameston,Massachusetts
427,23,Zacharyside,New Mexico
428,59,Benjaminborough,Maine
429,58,Michelleton,Tennessee
430,37,Joshuastad,Nevada
431,58,Paulfurt,Michigan
432,72,South Heather,Mississippi
433,25,Lauriechester,
434,4,South Carrieburgh,Ohio
435,25,Manuelland,
436,57,Donnaport,New Hampshire
437,69,Jacksonmouth,
438,20,Sergiostad,South Carolina
439,24,Hillton,California
440,83,Coxburgh,Alaska
441,24,Port Cathy,New Hampshire
442,97,East Carlosstad,
443,23,Patrickshire,Arizona
444,24,Lake Shannon,
445,56,Nathanland,
446,2,New Michael,Massachusetts
447,58,Johnville,
448,6,Lake Jacobhaven,Missouri
449,83,West Kimberlymouth,Indiana
450,98,Heatherfort,
451,24,North Derek,California
452,41,Thompsonmouth,Colorado
453,2,Elizabethland,
454,98,Patriciaburgh,Virginia
455,94,Port Michael,
456,47,North Tracie,
457,60,East Kristy,Alaska
458,11,Angelastad,
459,58,Laraside,Florida
460,3,North Kylefort,North Dakota
461,4,Hammondshire,California
462,35,West Dawn,New Hampshire
463,86,Frazierstad,Florida
464,83,Port Tammy,Nevada
465,44,Port Davidberg,Maryland
466,24,East Marcus,Virginia
467,38,West Stacey,North Dakota
468,60,Meghanview,
469,82,Lake Stephanie,
470,83,Davidport,
471,19,New Danielleshire,
472,3,East Donna,
473,11,Meganshire,Arizona
474,11,North Brandonshire,
475,44,Debrashire,Nebraska
476,47,South Pamelaside,
477,23,Dawnport,
478,24,Sanchezfurt,Maryland
479,45,Joneston,
480,23,South Robert,New Jersey
481,85,West Catherine,Massachusetts
482,59,Jessicastad,Montana
483,15,Port Mitchell,Oklahoma
484,58,West Johnville,
485,11,Shannonberg,Connecticut
486,95,West Soniachester,
487,2,Port Rachel,
488,25,Sarahmouth,Illinois
489,95,South Wendy,New Jersey
490,24,Kochfort,Alaska
491,47,South Williambury,Indiana
492,72,Brandonport,New York
493,24,Mitchelltown,Connecticut
494,47,Andersonview,Washington
495,59,Kathrynstad,
496,39,South Brettside,Illinois
497,59,Angelaland,
498,3,Gordonside,
499,65,Marciaville,Florida
500,58,South Nathanielmouth,Oklahoma
501,1,Kariborough,Rhode Island
502,65,Porterton,Arizona
503,58,Lake Mason,
504,83,Stoneberg,
505,52,West Sarah,Massachusetts
506,24,South Vicki,
507,59,Brittneyhaven,North Carolina
508,92,Ericksonport,New Mexico
509,3,West Markville,Nebraska
510,33,Lauratown,Rhode Island
511,64,Bakershire,
512,11,Lake Brett,New Mexico
513,70,New Cristina,South Carolina
514,62,Hernandezbury,Arizona
515,92,East Andrewmouth,Nebraska
516,1,South Hannah,Nebraska
517,25,Salaston,
518,3,New Jared,Massachusetts
519,32,Foxmouth,Idaho
520,95,Barrmouth,Ohio
521,61,Ericaview,South Carolina
522,47,Leebury,Louisiana
523,13,Jeffreyport,Wyoming
524,60,Janetfort,Massachusetts
525,60,Baileyview,Maine
526,2,New Ericafurt,
527,58,Cardenasberg,
528,24,Bobbyland,Minnesota
529,71,Douglasfort,Indiana
530,1,Port Amanda,Oklahoma
531,59,Derrickshire,Kansas
532,74,North Elizabeth,
533,58,Lake Jesse,
534,33,South Markfort,
535,98,Lake Kellitown,Oklahoma
536,47,South Denise,New Mexico
537,60,Santosport,Massachusetts
538,47,Debbieland,Tennessee
539,24,New Joanne,Arizona
540,24,South Nicole,Idaho
541,47,Port Randyfort,Idaho
542,23,Nancytown,Maryland
543,11,West Justinside,North Dakota
544,59,Smallberg,North Carolina
545,100,Nelsonville,
546,2,Franciscomouth,
547,86,Jennifertown,West Virginia
548,25,Krystalshire,Utah
549,49,East Cheryl,
550,1,Wilcoxhaven,
551,24,Christopherville,Idaho
552,59,South Marcus,Kansas
553,47,West Patrickmouth,Wisconsin
554,43,Stephanieport,Pennsylvania
555,26,West Desireebury,Arkansas
556,83,South Kurtfurt,Utah
557,45,Hannahport,Mississippi
558,98,East Susan,
559,71,Hernandezstad,
560,27,Milesfort,
561,83,Port John,Wisconsin
562,25,New Seanstad,California
563,73,North Mariahaven,Illinois
564,27,East Mark,North Dakota
565,62,Wilsonborough,Virginia
566,60,Davishaven,New Hampshire
567,47,South Davidchester,New Jersey
568,6,New Stevenport,Washington
569,59,South Jonathantown,West Virginia
570,3,New Charles,Nevada
571,41,Isabellaside,
572,45,North Valeriefort,
573,10,West Robertberg,Wyoming
574,60,Brooksfurt,New Hampshire
575,2,Bennettside,Florida
576,23,Davidside,Montana
577,70,Lake Tiffany,Alabama
578,3,West Stevenside,Nevada
579,98,Morrowbury,New Jersey
580,56,Ericborough,Washington
581,25,North Lisachester,South Carolina
582,83,East Jamieville,Rhode Island
583,58,South Carlaton,
584,2,Lake Bradley,
585,68,Youngborough,Wisconsin
586,23,East Williamport,Iowa
587,40,Barbaramouth,Kansas
588,83,Nancyhaven,Iowa
589,98,Turnerton,
590,11,Lake Erika,Oklahoma
591,1,Williamsstad,
592,87,Floydmouth,
593,27,Russellport,Missouri
594,11,Port Amanda,
595,34,Port Jeremiah,Virginia
596,86,Port Steven,
597,11,New Robertchester,
598,98,South John,Indiana
599,67,Deborahmouth,
600,59,Christopherborough,
601,47,West Nicholaston,California
602,46,Port Kathleen,
603,1,South Jason,Michigan
604,47,Susantown,Indiana
605,66,Lake David,Wisconsin
606,2,Rochaborough,Montana
607,26,New Marc,Maine
608,24,Owensstad,Maryland
609,37,Michaelfort,New Jersey
610,45,Port Tinafort,Wisconsin
611,15,Robinstad,Massachusetts
612,98,Williamsbury,West Virginia
613,23,North Jose,Pennsylvania
614,27,Phillipsborough,Michigan
615,72,South Ashley,
616,96,South Andrea,Utah
617,24,Jonathanfort,
618,98,Murraystad,Hawaii
619,83,Lake Amy,Idaho
620,59,New Arthurland,Texas
621,97,Port Adamberg,South Dakota
622,24,North Jasmine,Alabama
623,23,New Stephen,Arkansas
624,27,Hopkinstown,
625,13,New Andreatown,Alaska
626,66,Amandaport,Alaska
627,83,Drakeburgh,Connecticut
628,98,New Eduardoborough,
629,3,Lisaview,Montana
630,60,West Susanmouth,
631,85,Lake Jeremiah,Utah
632,59,Lake Victoriaton,Colorado
633,7,Grayside,
634,24,Browntown,Vermont
635,35,North Vincent,
636,7,Newmanmouth,Oregon
637,99,New Samanthabury,Indiana
638,55,Nelsonland,Utah
639,24,Rachelshire,Texas
640,23,East Sarahmouth,Alaska
641,47,New Douglas,Virginia
642,24,Hickmanport,Hawaii
643,25,New Mary,Missouri
644,47,Patrickberg,Vermont
645,10,New Juliestad,Arkansas
646,22,South Jesseland,Michigan
647,78,Novakmouth,Alaska
648,30,Kristenmouth,New York
649,89,West Angela,Missouri
650,3,Lopezshire,Texas
651,1,Millerport,
652,5,Lake Charles,Louisiana
653,65,South Jennifer,South Dakota
654,23,Lake Peter,Mississippi
655,94,North Adamport,New Hampshire
656,27,Kathleenville,
657,23,North Jacob,New Hampshire
658,60,Garcialand,Minnesota
659,58,New Carlymouth,Missouri
660,59,West Robertland,
661,2,New Adriana,Utah
662,47,Jacksonview,Maryland
663,24,Trevorland,Hawaii
664,3,Hillport,
665,1,Pattonstad,Kentucky
666,47,Lake Colleen,
667,23,South Daniel,Maryland
668,8,South Martinfurt,Michigan
669,27,Cookberg,Maryland
670,83,Carrieborough,New Mexico
671,58,Gregoryfurt,Massachusetts
672,83,Jessicafort,Oregon
673,35,West Nicholas,Montana
674,97,Danielshire,Illinois
675,33,Lake Katrina,Alaska
676,24,Hahnborough,
677,27,Salinasland,
678,42,Chambersberg,South Dakota
679,98,Johnberg,Virginia
680,68,Mccormickland,New Hampshire
681,60,Aguilarside,North Carolina
682,30,Stephensstad,
683,5,North Kaylastad,Hawaii
684,94,New Tonyafurt,Wisconsin
685,62,Tammychester,
686,60,North Coreybury,North Carolina
687,1,South Neil,
688,25,Bartonshire,
689,6,West Whitney,New Mexico
690,17,West Robertland,
691,83,Port Sheliaberg,Minnesota
692,59,Matthewborough,
693,98,Baileyville,
694,83,Bowenmouth,
695,59,Carloston,
696,98,North Melindaville,Utah
697,7,Lake John,Idaho
698,88,West Anita,
699,62,Hallfurt,South Dakota
700,7,East Danielle,
701,86,Fosterborough,New Hampshire
702,59,Priceborough,Indiana
703,11,Karenland,
704,6,Port Monicaburgh,Mississippi
705,54,Jamesville,
706,2,Emilyfort,North Dakota
707,83,Candicefurt,Pennsylvania
708,59,West Michaelmouth,
709,48,Port Emily,
710,59,Samanthashire,
711,84,Lake Dennisville,Kansas
712,61,Darylstad,Vermont
713,46,New Paul,Rhode Island
714,1,New Patrick,
715,47,South Cynthia,Vermont
716,38,New Garrett,Maine
717,47,East Leonard,New Hampshire
718,42,Port Michaeltown,
719,3,Taylorfurt,Oklahoma
720,11,Ortizfort,
721,24,Mckinneymouth,New York
722,59,North Ariana,Wisconsin
723,25,West Antonio,Iowa
724,59,Garymouth,Oregon
725,45,Dunnville,Oregon
726,39,West Kimberlystad,
727,72,Port Jenniferside,
728,60,South Curtis,Tennessee
729,83,West Nancy,Arizona
730,98,Bakerland,
731,44,Grimesville,Wyoming
732,34,East Lisa,Pennsylvania
733,45,Michellechester,Hawaii
734,79,Port Jamie,
735,38,Port Brian,Minnesota
736,23,Candiceburgh,Massachusetts
737,11,Keithview,North Carolina
738,47,East Sydneychester,
739,96,West Michelleberg,
740,39,East Dustin,
741,82,Mariafurt,New York
742,7,New Cynthia,South Dakota
743,59,Brooksland,South Dakota
744,58,South Zacharyview,Vermont
745,5,Shawnfort,Massachusetts
746,98,Port Kimland,Washington
747,83,Reidstad,California
748,77,Robinsonchester,
749,24,South Joseph,Maine
750,27,Amyberg,
751,49,Kramerton,
752,61,North Conniemouth,Alaska
753,98,Port Ericmouth,
754,98,South Jamesberg,Tennessee
755,3,Erikview,Colorado
756,58,Johnstad,
757,38,North Randy,Maryland
758,83,South Diana,Virginia
759,59,North Jasonland,Florida
760,58,New Erin,
761,61,North Heatherville,Nevada
762,24,South Chad,
763,24,Davisville,Connecticut
764,25,Michaelport,Florida
765,27,Ayalaberg,
766,98,North Alyssa,
767,61,New Debramouth,Minnesota
768,10,Lake Kaitlin,Nebraska
769,1,Heathland,
770,55,East Karenshire,
771,36,Bellchester,Massachusetts
772,11,East Joshua,Colorado
773,77,New Carolyn,Washington
774,58,Kimberlytown,Texas
775,2,Jamiehaven,
776,83,Lake Peter,Tennessee
777,65,Port Rachaelbury,
778,42,Cruzbury,New York
779,47,New Pamelatown,Mississippi
780,35,Davidshire,
781,83,Diazburgh,Wisconsin
782,26,Bestland,Alaska
783,24,North Joseton,Arkansas
784,59,Hunterhaven,Wyoming
785,63,Hendersonfurt,Colorado
786,21,West Christopher,Colorado
787,59,Port Eric,
788,17,Peterland,Maryland
789,19,Blairbury,Arkansas
790,83,North Sandy,
791,25,South Cherylton,
792,47,Elizabethburgh,Delaware
793,11,Lake Derricktown,
794,56,South Stephanie,North Dakota
795,48,Garyberg,West Virginia
796,64,Jessicaville,Wyoming
797,2,West Lindsayview,North Dakota
798,82,West Jennifershire,
799,1,South Spencerstad,Arkansas
800,2,Villarrealburgh,Mississippi
